name,rating,website,notion_id
Function Health,10,functionhealth.com,35f84b6d-1f49-80b9-a9a0-fe7ad9914c21
Healthspan,10,https://gethealthspan.com,35984b6d-1f49-80a3-bb09-c549ab3fc204
Hims & Hers,9,hims.com,0cfe4734-3e4b-4aff-89a3-bb3b4db42fb7
Niagen Plus,9,niagenplus.com,35884b6d-1f49-80cb-884b-e81bd00c1112
Peter MD,9,getpetermd.com,34b84b6d-1f49-8137-a9ae-f9bab69130c2
Blokes,8,joiandblokes.com,34b84b6d-1f49-81e9-9f07-e4341b8d96aa
Eden,8,eden.health,35984b6d-1f49-80fc-99b6-cf7ae44c9a3f
Good Life Meds,8,goodlifemeds.com,35784b6d-1f49-805a-a078-f3acee4501d6
Hallandale,8,hallandalerx.com,35f84b6d-1f49-806d-b3e5-c398c8e0fab1
Hone Health,8,honehealth.com,95f4651b-937c-419f-bcd5-a9683adf0bad
Keeps,8,keeps.com,37384b6d-1f49-808f-9bee-de4c65616eca
LifeMD,8,lifemd.com,37484b6d-1f49-80e1-8db3-c057faec7041
Maximus Tribe,8,maximustribe.com,34b84b6d-1f49-81ff-aff0-d98634066dbb
Motivated,8,motivated.com,35e84b6d-1f49-8014-93d0-db9225cb43ef
Opt Health,8,https://getopt.com,35984b6d-1f49-80f7-a97f-dff510122b68
Ro,8,ro.co,34b84b6d-1f49-80d0-9a6f-d48eb407c38c
Strive,8,strivepharmacy.com,35484b6d-1f49-80eb-b977-fab0a87e3cfb
Wisp,8,https://hellowisp.com,35884b6d-1f49-80e1-862a-ec3b9e836ccd
Amble,7,joinamble.com,37484b6d-1f49-80b8-9b49-ee8feba8ae08
Clinaflow,7,clinaflow.com,35f84b6d-1f49-809a-8c16-c996c804fd23
Dr Hank,7,https://mydrhank.com,35984b6d-1f49-80a9-9c91-fca646989c2b
Effecty,7,effecty.com,35784b6d-1f49-80ff-9d4f-fcb1e65479ad
Foundation Health,7,foundationhealth.com,613e4988-e618-452c-88ba-bb22ed161657
FuzeRx,7,rx.fuzehealth.com,35f84b6d-1f49-8039-a3e2-f537c06c1349
Gala,7,galaglp1.com,35784b6d-1f49-80c0-9f29-eb870f5691d9
Geviti,7,gogeviti.com,37484b6d-1f49-80d4-b22b-f328b0ef5be4
GoodRx,7,goodrx.com,35984b6d-1f49-80ab-89e1-c1d3f9acd159
Healthon,7,https://healthon.com,35884b6d-1f49-8071-b696-edb708adf250
HydraMed,7,hydramed.com,37684b6d-1f49-8071-bfe7-f8f7c478149a
Klarity Health,7,https://helloklarity.com,35984b6d-1f49-8077-84a6-e0e998c56bda
Lifeforce,7,https://www.mylifeforce.com,34b84b6d-1f49-81c4-b767-fe3ee5f7feb1
Medvi,7,home.medvi.org,35484b6d-1f49-800c-8cd5-ce224032cfd4
Noom Med,7,https://noom.com/med,35d84b6d-1f49-80ba-9024-da6971e707b1
Nurx,7,nurx.com,37384b6d-1f49-80e5-ab70-dc099260eac6
One Medical (Amazon),7,onemedical.com,37484b6d-1f49-80ba-8aa6-e989dc6be5ed
Promise Pharmacy,7,promisepharmacy.com,35f84b6d-1f49-8019-a821-cad3afd8e5d0
Remedy Meds,7,remedymeds.com,35984b6d-1f49-809e-90db-eb3bb3f7142c
Rex MD,7,https://rexmd.com,35d84b6d-1f49-80ce-9555-ea2bef8c72b4
Rugiet Ready,7,rugiet.com,35d84b6d-1f49-8027-a40c-ea8bc7186179
Taurus Meds,7,taurusmeds.com,35e84b6d-1f49-8001-a737-f44d4a5497b6
Telegra,7,telegramd.com,36584b6d-1f49-80f1-8978-cf829a5d75e5
Telo Life,7,https://telolife.com,35784b6d-1f49-80d2-b655-f0d029de9df8
TMates,7,tmates.com,35d84b6d-1f49-8085-9f65-f7a909f0534d
Ulo,7,https://ulo.co,35d84b6d-1f49-8094-a861-c1f675b4caba
AgelessRx,6,https://www.agelessrx.com,34b84b6d-1f49-8177-8801-f2a24117dae7
Alliance for Pharmacy Compounding,6,https://a4pc.org,35384b6d-1f49-803b-8aa4-e0f5d5e5e9fa
Bask Health,6,bask.health,f2803b85-85d3-4763-96ed-703190f41028
BlueChew,6,bluechew.com,35984b6d-1f49-8004-af9c-f1744c157a45
Empower Pharmacy,6,empowerpharmacy.com,35384b6d-1f49-80f7-9ca1-ea6bc34368bc
Evernow,6,https://evernow.com,35884b6d-1f49-80ee-b560-feb7aa222655
Found,6,joinfound.com,37684b6d-1f49-80ef-b20a-d15470e96ac9
Fridays,6,https://joinfridays.com,35984b6d-1f49-802f-a2ff-c17776c1a31b
Fuze Health,6,fuzehealth.com,35d84b6d-1f49-80af-8eb8-f77d7d0dc4ca
Henry Meds,6,https://www.henrymeds.com,34b84b6d-1f49-8157-b13c-fc8c9c4ad4a2
Heva Health,6,https://hevahealth.com,35984b6d-1f49-80d6-94f0-c1709c6b1b2e
HeyFeels,6,heyfeels.com,36384b6d-1f49-804b-a70d-e20e86bf1f44
HydraMed,6,https://hydramed.com,34b84b6d-1f49-81ce-ac82-e0a0e189f57b
Invigor Medical,6,invigormedical.com,34b84b6d-1f49-81cd-a01d-e76ec19d62e6
Ivy Rx,6,https://www.ivyrx.com,34b84b6d-1f49-81ba-8df8-ccc4741ea1bd
Mochi,6,https://www.joinmochi.com,6cb75217-fb8d-4de5-b125-6b28366edf52
omzo,6,omzo.com,36084b6d-1f49-80b5-989a-eb36eec6495c
Pepti,6,hellopepti.com,37984b6d-1f49-80e5-8433-e49f3c6ae990
Plushcare,6,plushcare.com,35984b6d-1f49-80c7-b597-efa77a76e526
Scriptful,6,scriptful.com,35d84b6d-1f49-8054-966d-e1cf2400342c
Shed Rx,6,tryshed.com,35784b6d-1f49-80eb-9d49-f379a929af77
Telehealth FX,6,https://telehealthfx.com,35d84b6d-1f49-803d-a52c-ecfec30ba664
Tru Niagen,6,truniagen.com,35884b6d-1f49-80c8-b313-cc067bed8d8e
Valor Pharmacy,6,valorcompounding.com,35f84b6d-1f49-8090-a14a-c6f35be17547
Vitality Rx,6,vitalityrx.com,35984b6d-1f49-809d-a09a-fc5c1c04b637
CoreAge Rx,5,coreagerx.com,35d84b6d-1f49-801d-8033-cf6c296d758d
Direct Meds,5,directmeds.com,35d84b6d-1f49-8010-b9b4-fd35c4a1ece2
Inner Balance,5,innerbalance.com,35784b6d-1f49-802c-8d8f-cd51fb6305be
Ivim Health,5,https://ivimhealth.com,35d84b6d-1f49-8065-92c4-c621eb14a543
Lemonaid Health,5,lemonaidhealth.com,35984b6d-1f49-80de-8f30-fe60486f7e6b
Marek Health,5,marekhealth.com,34b84b6d-1f49-81b3-a88f-e0f90a9ad3bc
Max Life,5,maxlife.com,35784b6d-1f49-8017-a696-ce76c426fb74
MegaAid Pharmacy,5,mega-aid.com,35f84b6d-1f49-805f-acaf-e89979f65c78
Midi,5,joinmidi.com,37684b6d-1f49-8057-84ca-ee1d80a25253
Quick MD,5,quick.md,35984b6d-1f49-80d5-8634-d32d59baee5f
RNK Health,5,myrnk.com,34b84b6d-1f49-81d6-b810-f66864cd2a1b
Scriptx Pharmacy,5,scripx.com,35f84b6d-1f49-80f3-9f33-f8f250ad1014
South End Pharmacy,5,southendpharmacystore.com,35f84b6d-1f49-80ce-b7c4-f8c193f4a892
SteadyMd,5,steadymd.com,36884b6d-1f49-80a7-8fe2-fb6d7f3dcfc6
Synchronicity Health,5,https://synchronicity.health,35884b6d-1f49-808f-8ed1-de535d43dbde
TRT Nation,5,trtnation.com,34b84b6d-1f49-8198-a2e3-d36acd151639
Alloy,4,myalloy.com,35884b6d-1f49-802e-bae5-d9df3b5863df
Alt Rx,4,altrx.com,36b84b6d-1f49-80ba-b0ed-ef3c37423d6e
Belmar Pharma,4,https://www.belmarpharmasolutions.com/,35d84b6d-1f49-8044-a1fa-d3a1d24c069f
Brello Health,4,brellohealth.com,35784b6d-1f49-8075-8281-fe2209208bd6
CareValidate,4,carevalidate.com,34b84b6d-1f49-8090-8369-c3626cb50101
Ensora eRx,4,ensorahealth.com/product/erx,36884b6d-1f49-8056-8fd2-e9f2d6bd7ddb
Fountain TRT,4,fountaintrt.com,34b84b6d-1f49-81fa-8a79-ee50ea39eabf
HormoneMD,4,hormonemd.com,35984b6d-1f49-80f2-9204-f52bb68d42ea
MD Integrations,4,mdintegrations.com,490113da-2c18-44cd-9e8d-e67a86bc623e
Mills Pharmacy,4,millspharmacy.com,35f84b6d-1f49-8062-b64c-eba573b2e4e9
My Telemedicine,4,mytelemedicine.com,35d84b6d-1f49-80ce-805c-f36c4ba34d20
NADclinic,4,nadclinic.com,35884b6d-1f49-80cf-8a1e-eb0a6ae642f1
OpenLoop,4,openloophealth.com,35384b6d-1f49-80d1-9a08-ca26fafb3d7d
ProHealth,4,prohealth.com,35884b6d-1f49-80c3-baad-c6802ffa9c87
Purgo Labs,4,purgolabs.com,35784b6d-1f49-803b-8261-ff1bc160bad3
Renue By Science,4,https://renuebyscience.com,35884b6d-1f49-8062-a049-ded0942c1fca
Sermorelin.com,4,sermorelin.com,37484b6d-1f49-80af-9431-caee8f11cac0
Strut Health,4,https://struthealth.com,35d84b6d-1f49-8000-9ca1-c97240ddc1f8
Trim Rx,4,trimrx.com,36b84b6d-1f49-8084-98c9-fd7065e133a4
Wheel,4,wheel.com/companies/clinician-network,9bec6df0-c8e7-4d16-b075-4b1010d100e9
Beluga Health,3,belugahealth.com,e6f5ebcc-2c46-405b-981d-312b0912f8f0
BeyondMD,3,beyondmd.com,37b84b6d-1f49-80a9-8b3f-f9e600d0df40
Citizen Meds,3,https://citizenmeds.com,35784b6d-1f49-80c9-9e3a-ccef0752fe3d
Defy Medical,3,defymedical.com,34b84b6d-1f49-81e3-acd4-e3f74a46a617
Jinfiniti,3,jinfiniti.com,35884b6d-1f49-80e7-be9f-ee38cc964e90
Kind Health,3,kindtelehealth.com,35984b6d-1f49-8014-b15b-e748c09e4758
MaleMD,3,malemd.com,37684b6d-1f49-80ad-9bdf-f49e864ade99
Mens,3,mens.com,35984b6d-1f49-80d9-b238-df14799596e3
Restorative Compounding,3,restorativecompounding.com,35f84b6d-1f49-808d-a630-ce8b756196df
Sprout Health,3,https://joinsprouthealth.com,35d84b6d-1f49-80b0-a03f-cc3655b75b6a
Surescripts,3,surescripts.com,36884b6d-1f49-80e2-8c08-ee90819ac678
Anazao Health,2,anazaohealth.com,35f84b6d-1f49-8038-b7cd-e1839b803852
DoseSpot,2,dosespot.com,36884b6d-1f49-8024-8081-d0a4a1181f57
Dr Telex,2,drtelx.com,35d84b6d-1f49-80c1-80de-d77ac08a6420
Infusive,2,goinfusive.com,35384b6d-1f49-80be-aa2b-f183138a01ea
Kingsberg Medical,2,kingsbergmedical.com,34b84b6d-1f49-81b2-9b66-e36e40dea743
menMD,2,menmd.com,35984b6d-1f49-80bd-b309-f0c9fad2702a
Meta Pharmacy,2,metapharmacyservices.com,35384b6d-1f49-809c-9749-d1a50eaff59c
White Label MD,2,https://whitelabelmd.com,35784b6d-1f49-8025-b1a3-d78d031be153
Our Venture (Bolze LLC),,,34b84b6d-1f49-81f7-8f9b-cc1bee99cd76
